<?xml version="1.0" encoding="UTF-8"?>
<?xml-model href="SchlegerRng_03.rnc" type="application/relax-ng-compact-syntax"?>
<root>
<title>(Sittin' On) the Dock of the Bay</title>
<singer>Otis Redding</singer>
<verse n="1">
<l>Sittin' in the mornin' sun</l>
<l>I'll be sittin' when the evenin' comes</l>
<l>Watching the ships roll in</l>
<l>Then I watch 'em roll away again, yeah</l>
</verse>

<verse n="2">
<chorus rep="First">
<l>I'm sittin' on the <loca>dock of the bay</loca></l>
<l>Watchin' the tide roll away, ooh</l>
<l>I'm just sittin' on the <loca>dock of the bay</loca></l>
<l>Wastin' time</l>
</chorus>
</verse>

<verse n="3">
<l>I left my home in <loca>Georgia</loca></l>
<l>Headed for the <loca>Frisco Bay</loca></l>
<l>'Cause I've had nothin' to live for</l>
<l>It look like nothin's gonna come my way</l>
</verse>

<verse n="4">
<chorus rep="Second">
<l>So I'm just gon' sittin' on the <loca>dock of the bay</loca></l>
<l>Watchin' the tide roll away, ooh</l>
<l>I'm sittin' on the dock of the bay, wastin' time</l>
</chorus>
</verse>

<verse n="5">
<l>Look like nothin's gonna change</l>
<l>Everything still remains the same</l>
<l>I can't do what ten people tell me to do</l>
<l>So I guess I'll remain the same, yes</l>
</verse>
    
<verse n="6">
<l>Sittin' here restin' my bones</l>
<l>And this loneliness won't leave me alone, listen</l>
<l>Two thousand miles, I roam</l>
<l>Just to make this dock my home</l>
</verse>

<verse n="3">
<chorus rep="Third">
<l>Now I'm just gon' sit, at the <loca>dock of the bay</loca></l>
<l>Watchin' the tide roll away, ooh yeah</l>
<l>Sittin' on the <loca>dock of the bay</loca></l>
<l>Wastin' time</l>
</chorus>
</verse>
<inst type="Whistle"/>
</root>
