<?xml version="1.0" encoding="UTF-8"?>
<?xml-model href="GingersnapsRng.rnc" type="application/relax-ng-compact-syntax"?>
<xml>
<name>Gingersnaps</name>

<desc>These crunchy, spicy rounds with their cracked, sugary tops are equally at home dunked in tea, coffee, or milk, and frequently enjoyed during the November/December holiday season. But they're just as welcome on a mellow, golden, late-September afternoon, with a comfortable lounge chair and a large glass of fresh-squeezed lemonade.</desc>
<prep>
Prep
<time t="12" type="prep">12 mins</time>
Bake
<time t="11" type="bake">11 to 13 mins</time>
Total
<time t="23" type="total">23 mins</time>
Yield
<yield y="60">about 5 dozen cookies</yield>
Gingersnaps
Ingredients</prep>

<ingList make="cookie">Cookies

<amount cups="0.75" grams="128">3/4 cup (138g)</amount> <ing i="sh">vegetable shortening*</ing>
<amount cups="1.0" grams="198">1 cup (198g)</amount> <ing i="su">granulated sugar</ing>
<amount teas="0.5">1/2 teaspoon</amount> <ing i="sa">salt</ing>
<amount teas="2.0">2 teaspoons</amount> <ing i="bs">baking soda</ing>
<amount egg="1">1 large</amount> <ing i="eg">egg</ing>
<amount cups="0.33" grams="113">1/3 cup (113g)</amount> <ing i="mo">molasses</ing>
<amount cups="2.33" grams="280">2 1/3 cups (280g)</amount> <ing i="fl">King Arthur Unbleached All-Purpose Flour</ing>
<spices i="sp"><amount teas="2.0">1 to 2 teaspoons</amount> <ing >ginger</ing>
<amount teas="0.5">1/2 teaspoon</amount> <ing >cloves</ing>
<amount teas="1.0">1 teaspoon</amount> <ing >cinnamon</ing></spices>
<sub>
*Can you substitute butter for the vegetable shortening? Yes; but the cookies will be soft, not crisp.</sub>
</ingList>
<ingList make="coating">
Coating

<amount cups="0.25" grams="50">1/4 cup (50g)</amount> <ing i="suC">granulated sugar</ing>
<amount teas="1.0">1 teaspoon</amount> <ing i="ciC">cinnamon</ing>
</ingList>

<instr>Instructions

<step n="1">Preheat the oven to 375°F. Lightly grease (or line with parchment) two baking sheets.</step>

<step n="2">Beat together the <ingRef ref="sh">shortening</ingRef>, <ingRef ref="su">sugar</ingRef>, <ingRef ref="sa">salt</ingRef>, and <ingRef ref="bs">baking soda</ingRef>.</step>

<step n="3">Beat in the <ingRef ref="eg">egg,</ingRef> then the <ingRef ref="mo">molasses</ingRef>.</step>

<step n="4">Add the <ingRef ref="fl">flour</ingRef> and <ingRef ref="sp">spices</ingRef>, beating to make a smooth, fairly stiff dough.</step>

<step n="5">To make the coating, combine the <ingRef ref="suC">sugar</ingRef> and <ingRef ref="ciC">cinnamon</ingRef>, and place in a shallow pan or dish.</step>

<step n="6">Drop the dough in 1" balls into the cinnamon-sugar mixture; a teaspoon cookie scoop is perfect here.</step>
    
<step n="7">Roll the balls in the sugar to coat, then transfer them to the prepared baking sheets, leaving at least 1 1/2" between them; they'll spread as they bake.</step>

<step n="8">Bake the cookies for <time t="11" type="bake">11</time> minutes, for cookies that are crisp around the edges, and "bendy" in the center. Bake for 13 minutes, for cookies that are crisp/crunchy all the way through.</step>

<step n="9">Remove the cookies from the oven, and cool right on the pan, or on a rack. Cool completely, then store tightly wrapped, at room temperature.</step>
</instr>
</xml>

